{"players": ["boris nezbobin", "jarman yan", "canner lei"], "answer": "he is wearing red T-shirt", "response-boris nezbobin": 0.028047066866824018, "response-jarman yan": -0.004441355300350528, "response-canner lei": 0.035996531839175075}